title,description,category,text
Мужская куртка,Дополнительные фотографии отправлю по запросу. Возможен торг.,Одежда,Мужская куртка. Дополнительные фотографии отправлю по запросу. Возможен торг.
Компьютер для работы,"Полностью исправен, использовался аккуратно, все функции работают. Срочная продажа.",Электроника,"Компьютер для работы. Полностью исправен, использовался аккуратно, все функции работают. Срочная продажа."
Гараж,"Квартира светлая, после ремонта. Самовывоз.",Недвижимость,"Гараж. Квартира светлая, после ремонта. Самовывоз."
Дизайн интерьера,Примеры выполненных работ отправлю по запросу. Срочная продажа.,Услуги,Дизайн интерьера. Примеры выполненных работ отправлю по запросу. Срочная продажа.
Ноутбук ASUS,"Использовался дома, хранился бережно. Доставка обсуждается отдельно.",Электроника,"Ноутбук ASUS. Использовался дома, хранился бережно. Доставка обсуждается отдельно."
Таунхаус,"Рядом школа, детский сад и магазины. Пишите в сообщения.",Недвижимость,"Таунхаус. Рядом школа, детский сад и магазины. Пишите в сообщения."
Беспроводные наушники,Продаю в связи с покупкой новой модели. Доставка обсуждается отдельно.,Электроника,Беспроводные наушники. Продаю в связи с покупкой новой модели. Доставка обсуждается отдельно.
Фотоаппарат Canon,Продаю в связи с покупкой новой модели. Пишите в сообщения.,Электроника,Фотоаппарат Canon. Продаю в связи с покупкой новой модели. Пишите в сообщения.
Однокомнатная квартира,Подойдет для проживания семьи. Можно посмотреть перед покупкой.,Недвижимость,Однокомнатная квартира. Подойдет для проживания семьи. Можно посмотреть перед покупкой.
Volkswagen Polo,Подойдет для города и дальних поездок. Есть дополнительные фотографии.,Автомобили,Volkswagen Polo. Подойдет для города и дальних поездок. Есть дополнительные фотографии.
Шкаф купе,Можно забрать самостоятельно. Реальные фотографии.,Мебель,Шкаф купе. Можно забрать самостоятельно. Реальные фотографии.
Репетитор по английскому,"Работаю с частными клиентами, стоимость обсуждается заранее. Возможен торг.",Услуги,"Репетитор по английскому. Работаю с частными клиентами, стоимость обсуждается заранее. Возможен торг."
Женские кеды,Дополнительные фотографии отправлю по запросу. Пишите в сообщения.,Одежда,Женские кеды. Дополнительные фотографии отправлю по запросу. Пишите в сообщения.
Репетитор по математике,Принимаю заказы онлайн и в городе. Доставка обсуждается отдельно.,Услуги,Репетитор по математике. Принимаю заказы онлайн и в городе. Доставка обсуждается отдельно.
Стеллаж,Удобный вариант для небольшой комнаты. Цена обсуждается.,Мебель,Стеллаж. Удобный вариант для небольшой комнаты. Цена обсуждается.
Ford Focus,"Пробег подтвержден, документы в порядке. Возможен торг.",Автомобили,"Ford Focus. Пробег подтвержден, документы в порядке. Возможен торг."
Детская куртка,"Материал качественный, выглядит аккуратно. Самовывоз.",Одежда,"Детская куртка. Материал качественный, выглядит аккуратно. Самовывоз."
Монтаж видео,"Большой опыт, возможен выезд к заказчику. Доставка обсуждается отдельно.",Услуги,"Монтаж видео. Большой опыт, возможен выезд к заказчику. Доставка обсуждается отдельно."
Kia Rio,"Салон аккуратный, без посторонних запахов. Возможен торг.",Автомобили,"Kia Rio. Салон аккуратный, без посторонних запахов. Возможен торг."
Уборка квартир,"Большой опыт, возможен выезд к заказчику. Цена обсуждается.",Услуги,"Уборка квартир. Большой опыт, возможен выезд к заказчику. Цена обсуждается."
Nissan Qashqai,Подойдет для города и дальних поездок. Пишите в сообщения.,Автомобили,Nissan Qashqai. Подойдет для города и дальних поездок. Пишите в сообщения.
Джинсы Levi's,Дополнительные фотографии отправлю по запросу. Самовывоз.,Одежда,Джинсы Levi's. Дополнительные фотографии отправлю по запросу. Самовывоз.
Настройка рекламы,Предварительно обсуждаем требования и результат. Срочная продажа.,Услуги,Настройка рекламы. Предварительно обсуждаем требования и результат. Срочная продажа.
Компьютер для работы,Продаю в связи с покупкой новой модели. Пишите в сообщения.,Электроника,Компьютер для работы. Продаю в связи с покупкой новой модели. Пишите в сообщения.
Таунхаус,Тихий район с удобным подъездом. Пишите в сообщения.,Недвижимость,Таунхаус. Тихий район с удобным подъездом. Пишите в сообщения.
Детская куртка,"Хранилось аккуратно, внешний вид сохранен. Можно посмотреть перед покупкой.",Одежда,"Детская куртка. Хранилось аккуратно, внешний вид сохранен. Можно посмотреть перед покупкой."
Renault Logan,Готов к проверке на любом сервисе. Доставка обсуждается отдельно.,Автомобили,Renault Logan. Готов к проверке на любом сервисе. Доставка обсуждается отдельно.
Перевод текстов,"Большой опыт, возможен выезд к заказчику. Подробности расскажу по телефону.",Услуги,"Перевод текстов. Большой опыт, возможен выезд к заказчику. Подробности расскажу по телефону."
Планшет Samsung,Можно проверить при встрече перед покупкой. Цена обсуждается.,Электроника,Планшет Samsung. Можно проверить при встрече перед покупкой. Цена обсуждается.
Шкаф купе,Продается в связи с переездом. Самовывоз.,Мебель,Шкаф купе. Продается в связи с переездом. Самовывоз.
Однокомнатная квартира,Есть мебель и бытовая техника. Реальные фотографии.,Недвижимость,Однокомнатная квартира. Есть мебель и бытовая техника. Реальные фотографии.
Фотоаппарат Canon,Можно проверить при встрече перед покупкой. Доставка обсуждается отдельно.,Электроника,Фотоаппарат Canon. Можно проверить при встрече перед покупкой. Доставка обсуждается отдельно.
Фотограф на мероприятие,Предварительно обсуждаем требования и результат. Срочная продажа.,Услуги,Фотограф на мероприятие. Предварительно обсуждаем требования и результат. Срочная продажа.
Nissan Qashqai,Двигатель и коробка работают без нареканий. Пишите в сообщения.,Автомобили,Nissan Qashqai. Двигатель и коробка работают без нареканий. Пишите в сообщения.
Письменный стол,"Хорошее состояние, без серьезных повреждений. Возможен торг.",Мебель,"Письменный стол. Хорошее состояние, без серьезных повреждений. Возможен торг."
Планшет Samsung,"Полностью исправен, использовался аккуратно, все функции работают. Пишите в сообщения.",Электроника,"Планшет Samsung. Полностью исправен, использовался аккуратно, все функции работают. Пишите в сообщения."
Смартфон Samsung Galaxy,Можно проверить при встрече перед покупкой. Есть дополнительные фотографии.,Электроника,Смартфон Samsung Galaxy. Можно проверить при встрече перед покупкой. Есть дополнительные фотографии.
Фотограф на мероприятие,Предварительно обсуждаем требования и результат. Пишите в сообщения.,Услуги,Фотограф на мероприятие. Предварительно обсуждаем требования и результат. Пишите в сообщения.
Шкаф купе,Можно забрать самостоятельно. Доставка обсуждается отдельно.,Мебель,Шкаф купе. Можно забрать самостоятельно. Доставка обсуждается отдельно.
Шкаф купе,Размеры и дополнительные фотографии отправлю в сообщении. Есть дополнительные фотографии.,Мебель,Шкаф купе. Размеры и дополнительные фотографии отправлю в сообщении. Есть дополнительные фотографии.
Классическая рубашка,"Оригинальная вещь, покупалась в магазине. Доставка обсуждается отдельно.",Одежда,"Классическая рубашка. Оригинальная вещь, покупалась в магазине. Доставка обсуждается отдельно."
Ноутбук ASUS,Продаю в связи с покупкой новой модели. Можно посмотреть перед покупкой.,Электроника,Ноутбук ASUS. Продаю в связи с покупкой новой модели. Можно посмотреть перед покупкой.
Репетитор по математике,Можно заказать отдельную услугу или полный комплекс работ. Реальные фотографии.,Услуги,Репетитор по математике. Можно заказать отдельную услугу или полный комплекс работ. Реальные фотографии.
Комод для спальни,"Есть небольшие следы эксплуатации, на функциональность не влияют. Пишите в сообщения.",Мебель,"Комод для спальни. Есть небольшие следы эксплуатации, на функциональность не влияют. Пишите в сообщения."
Lada Vesta,Регулярно проходил техническое обслуживание. Цена обсуждается.,Автомобили,Lada Vesta. Регулярно проходил техническое обслуживание. Цена обсуждается.
Женские кеды,Дополнительные фотографии отправлю по запросу. Возможен торг.,Одежда,Женские кеды. Дополнительные фотографии отправлю по запросу. Возможен торг.
Телевизор LG,"Подойдет для работы, учебы и повседневных задач. Срочная продажа.",Электроника,"Телевизор LG. Подойдет для работы, учебы и повседневных задач. Срочная продажа."
Фотоаппарат Canon,"Отличное состояние, без серьезных следов использования. Самовывоз.",Электроника,"Фотоаппарат Canon. Отличное состояние, без серьезных следов использования. Самовывоз."
Фотоаппарат Canon,Можно проверить при встрече перед покупкой. Есть дополнительные фотографии.,Электроника,Фотоаппарат Canon. Можно проверить при встрече перед покупкой. Есть дополнительные фотографии.
Создание презентации,Принимаю заказы онлайн и в городе. Доставка обсуждается отдельно.,Услуги,Создание презентации. Принимаю заказы онлайн и в городе. Доставка обсуждается отдельно.
Квартира рядом с метро,Тихий район с удобным подъездом. Срочная продажа.,Недвижимость,Квартира рядом с метро. Тихий район с удобным подъездом. Срочная продажа.
Кожаная обувь,"Размер указан на фотографии, состояние отличное. Самовывоз.",Одежда,"Кожаная обувь. Размер указан на фотографии, состояние отличное. Самовывоз."
Мужской свитер,"Размер указан на фотографии, состояние отличное. Пишите в сообщения.",Одежда,"Мужской свитер. Размер указан на фотографии, состояние отличное. Пишите в сообщения."
Кухонный гарнитур,"Хорошее состояние, без серьезных повреждений. Реальные фотографии.",Мебель,"Кухонный гарнитур. Хорошее состояние, без серьезных повреждений. Реальные фотографии."
Перевод текстов,"Работаю с частными клиентами, стоимость обсуждается заранее. Возможен торг.",Услуги,"Перевод текстов. Работаю с частными клиентами, стоимость обсуждается заранее. Возможен торг."
Трехкомнатная квартира,Тихий район с удобным подъездом. Цена обсуждается.,Недвижимость,Трехкомнатная квартира. Тихий район с удобным подъездом. Цена обсуждается.
Игровая приставка,Продаю в связи с покупкой новой модели. Срочная продажа.,Электроника,Игровая приставка. Продаю в связи с покупкой новой модели. Срочная продажа.
Обеденный стол,"Использовалась аккуратно, все механизмы работают. Самовывоз.",Мебель,"Обеденный стол. Использовалась аккуратно, все механизмы работают. Самовывоз."
Комод для спальни,Удобный вариант для небольшой комнаты. Реальные фотографии.,Мебель,Комод для спальни. Удобный вариант для небольшой комнаты. Реальные фотографии.
Комната в общежитии,В квартире никто не проживает. Срочная продажа.,Недвижимость,Комната в общежитии. В квартире никто не проживает. Срочная продажа.
Книжный шкаф,"Есть небольшие следы эксплуатации, на функциональность не влияют. Доставка обсуждается отдельно.",Мебель,"Книжный шкаф. Есть небольшие следы эксплуатации, на функциональность не влияют. Доставка обсуждается отдельно."
Ноутбук ASUS,Хороший вариант для дома или офиса. Пишите в сообщения.,Электроника,Ноутбук ASUS. Хороший вариант для дома или офиса. Пишите в сообщения.
Вечернее платье,Можно примерить перед покупкой. Возможен торг.,Одежда,Вечернее платье. Можно примерить перед покупкой. Возможен торг.
Двуспальная кровать,"Использовалась аккуратно, все механизмы работают. Цена обсуждается.",Мебель,"Двуспальная кровать. Использовалась аккуратно, все механизмы работают. Цена обсуждается."
Книжный шкаф,Можно забрать самостоятельно. Пишите в сообщения.,Мебель,Книжный шкаф. Можно забрать самостоятельно. Пишите в сообщения.
Стеллаж,Можно забрать самостоятельно. Самовывоз.,Мебель,Стеллаж. Можно забрать самостоятельно. Самовывоз.
Дизайн логотипа,Работаю аккуратно и соблюдаю сроки. Пишите в сообщения.,Услуги,Дизайн логотипа. Работаю аккуратно и соблюдаю сроки. Пишите в сообщения.
Мужская куртка,"Продаю в связи с тем, что не подошел размер. Пишите в сообщения.",Одежда,"Мужская куртка. Продаю в связи с тем, что не подошел размер. Пишите в сообщения."
Репетитор по математике,Работаю аккуратно и соблюдаю сроки. Доставка обсуждается отдельно.,Услуги,Репетитор по математике. Работаю аккуратно и соблюдаю сроки. Доставка обсуждается отдельно.
Стеллаж,"Подойдет для квартиры, дома или офиса. Возможен торг.",Мебель,"Стеллаж. Подойдет для квартиры, дома или офиса. Возможен торг."
Женское пальто,"Продаю в связи с тем, что не подошел размер. Можно посмотреть перед покупкой.",Одежда,"Женское пальто. Продаю в связи с тем, что не подошел размер. Можно посмотреть перед покупкой."
Женская зимняя куртка,"Носилось несколько раз, без заметных повреждений. Реальные фотографии.",Одежда,"Женская зимняя куртка. Носилось несколько раз, без заметных повреждений. Реальные фотографии."
Квартира рядом с метро,Тихий район с удобным подъездом. Самовывоз.,Недвижимость,Квартира рядом с метро. Тихий район с удобным подъездом. Самовывоз.
Ремонт квартир,Стоимость зависит от объема и сложности задачи. Реальные фотографии.,Услуги,Ремонт квартир. Стоимость зависит от объема и сложности задачи. Реальные фотографии.
Детская куртка,"Хранилось аккуратно, внешний вид сохранен. Срочная продажа.",Одежда,"Детская куртка. Хранилось аккуратно, внешний вид сохранен. Срочная продажа."
Тумба под телевизор,"Подойдет для квартиры, дома или офиса. Цена обсуждается.",Мебель,"Тумба под телевизор. Подойдет для квартиры, дома или офиса. Цена обсуждается."
Детская куртка,Без пятен и повреждений. Срочная продажа.,Одежда,Детская куртка. Без пятен и повреждений. Срочная продажа.
Ремонт компьютеров,Предварительно обсуждаем требования и результат. Реальные фотографии.,Услуги,Ремонт компьютеров. Предварительно обсуждаем требования и результат. Реальные фотографии.
Планшет Samsung,"Полностью исправен, использовался аккуратно, все функции работают. Реальные фотографии.",Электроника,"Планшет Samsung. Полностью исправен, использовался аккуратно, все функции работают. Реальные фотографии."
Компьютерный стол,Удобный вариант для небольшой комнаты. Подробности расскажу по телефону.,Мебель,Компьютерный стол. Удобный вариант для небольшой комнаты. Подробности расскажу по телефону.
Toyota Camry,Подойдет для города и дальних поездок. Самовывоз.,Автомобили,Toyota Camry. Подойдет для города и дальних поездок. Самовывоз.
iPhone в отличном состоянии,В комплекте зарядное устройство и оригинальная упаковка. Доставка обсуждается отдельно.,Электроника,iPhone в отличном состоянии. В комплекте зарядное устройство и оригинальная упаковка. Доставка обсуждается отдельно.
Вечернее платье,"Носилось несколько раз, без заметных повреждений. Самовывоз.",Одежда,"Вечернее платье. Носилось несколько раз, без заметных повреждений. Самовывоз."
Renault Logan,Готов к проверке на любом сервисе. Самовывоз.,Автомобили,Renault Logan. Готов к проверке на любом сервисе. Самовывоз.
Перевод текстов,"Работаю с частными клиентами, стоимость обсуждается заранее. Есть дополнительные фотографии.",Услуги,"Перевод текстов. Работаю с частными клиентами, стоимость обсуждается заранее. Есть дополнительные фотографии."
Фотосессия,Можно заказать отдельную услугу или полный комплекс работ. Самовывоз.,Услуги,Фотосессия. Можно заказать отдельную услугу или полный комплекс работ. Самовывоз.
Mazda 6,Автомобиль в хорошем техническом состоянии. Доставка обсуждается отдельно.,Автомобили,Mazda 6. Автомобиль в хорошем техническом состоянии. Доставка обсуждается отдельно.
BMW 3 серии,Есть комплект зимней резины. Срочная продажа.,Автомобили,BMW 3 серии. Есть комплект зимней резины. Срочная продажа.
Стеллаж,Прочная конструкция и аккуратный внешний вид. Можно посмотреть перед покупкой.,Мебель,Стеллаж. Прочная конструкция и аккуратный внешний вид. Можно посмотреть перед покупкой.
Трехкомнатная квартира,"Рядом школа, детский сад и магазины. Можно посмотреть перед покупкой.",Недвижимость,"Трехкомнатная квартира. Рядом школа, детский сад и магазины. Можно посмотреть перед покупкой."
Комод для спальни,"Хорошее состояние, без серьезных повреждений. Доставка обсуждается отдельно.",Мебель,"Комод для спальни. Хорошее состояние, без серьезных повреждений. Доставка обсуждается отдельно."
Тумба под телевизор,Можно забрать самостоятельно. Можно посмотреть перед покупкой.,Мебель,Тумба под телевизор. Можно забрать самостоятельно. Можно посмотреть перед покупкой.
Дом с участком,Есть мебель и бытовая техника. Цена обсуждается.,Недвижимость,Дом с участком. Есть мебель и бытовая техника. Цена обсуждается.
Двуспальная кровать,Можно забрать самостоятельно. Можно посмотреть перед покупкой.,Мебель,Двуспальная кровать. Можно забрать самостоятельно. Можно посмотреть перед покупкой.
Джинсы Levi's,Без пятен и повреждений. Самовывоз.,Одежда,Джинсы Levi's. Без пятен и повреждений. Самовывоз.
Джинсы Levi's,"Носилось несколько раз, без заметных повреждений. Есть дополнительные фотографии.",Одежда,"Джинсы Levi's. Носилось несколько раз, без заметных повреждений. Есть дополнительные фотографии."
Видеокарта NVIDIA,"Полностью исправен, использовался аккуратно, все функции работают. Подробности расскажу по телефону.",Электроника,"Видеокарта NVIDIA. Полностью исправен, использовался аккуратно, все функции работают. Подробности расскажу по телефону."
Volkswagen Polo,Готов к проверке на любом сервисе. Срочная продажа.,Автомобили,Volkswagen Polo. Готов к проверке на любом сервисе. Срочная продажа.
Игровая приставка,"Работает стабильно, недавно прошел проверку. Есть дополнительные фотографии.",Электроника,"Игровая приставка. Работает стабильно, недавно прошел проверку. Есть дополнительные фотографии."
Кресло для гостиной,Продается в связи с переездом. Можно посмотреть перед покупкой.,Мебель,Кресло для гостиной. Продается в связи с переездом. Можно посмотреть перед покупкой.
Настройка ноутбука,Стоимость зависит от объема и сложности задачи. Есть дополнительные фотографии.,Услуги,Настройка ноутбука. Стоимость зависит от объема и сложности задачи. Есть дополнительные фотографии.
Детская куртка,"Материал качественный, выглядит аккуратно. Есть дополнительные фотографии.",Одежда,"Детская куртка. Материал качественный, выглядит аккуратно. Есть дополнительные фотографии."
Летнее платье,"Хранилось аккуратно, внешний вид сохранен. Доставка обсуждается отдельно.",Одежда,"Летнее платье. Хранилось аккуратно, внешний вид сохранен. Доставка обсуждается отдельно."
Hyundai Creta,Двигатель и коробка работают без нареканий. Цена обсуждается.,Автомобили,Hyundai Creta. Двигатель и коробка работают без нареканий. Цена обсуждается.
BMW 3 серии,Есть комплект зимней резины. Реальные фотографии.,Автомобили,BMW 3 серии. Есть комплект зимней резины. Реальные фотографии.
Мужская куртка,"Размер указан на фотографии, состояние отличное. Самовывоз.",Одежда,"Мужская куртка. Размер указан на фотографии, состояние отличное. Самовывоз."
Монтаж видео,Примеры выполненных работ отправлю по запросу. Подробности расскажу по телефону.,Услуги,Монтаж видео. Примеры выполненных работ отправлю по запросу. Подробности расскажу по телефону.
Комната в общежитии,В квартире никто не проживает. Пишите в сообщения.,Недвижимость,Комната в общежитии. В квартире никто не проживает. Пишите в сообщения.
Lada Vesta,Есть комплект зимней резины. Цена обсуждается.,Автомобили,Lada Vesta. Есть комплект зимней резины. Цена обсуждается.
Земельный участок,Документы готовы к сделке. Самовывоз.,Недвижимость,Земельный участок. Документы готовы к сделке. Самовывоз.
Hyundai Creta,"Пробег подтвержден, документы в порядке. Есть дополнительные фотографии.",Автомобили,"Hyundai Creta. Пробег подтвержден, документы в порядке. Есть дополнительные фотографии."
Классическая рубашка,"Размер указан на фотографии, состояние отличное. Возможен торг.",Одежда,"Классическая рубашка. Размер указан на фотографии, состояние отличное. Возможен торг."
Монитор для компьютера,В комплекте зарядное устройство и оригинальная упаковка. Цена обсуждается.,Электроника,Монитор для компьютера. В комплекте зарядное устройство и оригинальная упаковка. Цена обсуждается.
Земельный участок,Тихий район с удобным подъездом. Доставка обсуждается отдельно.,Недвижимость,Земельный участок. Тихий район с удобным подъездом. Доставка обсуждается отдельно.
Шкаф купе,"Хорошее состояние, без серьезных повреждений. Самовывоз.",Мебель,"Шкаф купе. Хорошее состояние, без серьезных повреждений. Самовывоз."
Ford Focus,Есть комплект зимней резины. Срочная продажа.,Автомобили,Ford Focus. Есть комплект зимней резины. Срочная продажа.
Планшет Samsung,"Есть коробка, документы и необходимые аксессуары. Реальные фотографии.",Электроника,"Планшет Samsung. Есть коробка, документы и необходимые аксессуары. Реальные фотографии."
Настройка ноутбука,Стоимость зависит от объема и сложности задачи. Цена обсуждается.,Услуги,Настройка ноутбука. Стоимость зависит от объема и сложности задачи. Цена обсуждается.
Компьютерный стол,"Использовалась аккуратно, все механизмы работают. Самовывоз.",Мебель,"Компьютерный стол. Использовалась аккуратно, все механизмы работают. Самовывоз."
Земельный участок,Рядом находится общественный транспорт и необходимая инфраструктура. Реальные фотографии.,Недвижимость,Земельный участок. Рядом находится общественный транспорт и необходимая инфраструктура. Реальные фотографии.
Компьютерное кресло,Продается в связи с переездом. Реальные фотографии.,Мебель,Компьютерное кресло. Продается в связи с переездом. Реальные фотографии.
Ноутбук ASUS,"Использовался дома, хранился бережно. Самовывоз.",Электроника,"Ноутбук ASUS. Использовался дома, хранился бережно. Самовывоз."
Видеокарта NVIDIA,Можно проверить при встрече перед покупкой. Цена обсуждается.,Электроника,Видеокарта NVIDIA. Можно проверить при встрече перед покупкой. Цена обсуждается.
Skoda Octavia,Подойдет для города и дальних поездок. Самовывоз.,Автомобили,Skoda Octavia. Подойдет для города и дальних поездок. Самовывоз.
Спортивный костюм,"Материал качественный, выглядит аккуратно. Возможен торг.",Одежда,"Спортивный костюм. Материал качественный, выглядит аккуратно. Возможен торг."
Дизайн логотипа,"Работаю по договоренности, сроки согласовываем заранее. Срочная продажа.",Услуги,"Дизайн логотипа. Работаю по договоренности, сроки согласовываем заранее. Срочная продажа."
Репетитор по английскому,Работаю аккуратно и соблюдаю сроки. Подробности расскажу по телефону.,Услуги,Репетитор по английскому. Работаю аккуратно и соблюдаю сроки. Подробности расскажу по телефону.
Квартира студия,"Хороший район, рядом магазины и остановки. Пишите в сообщения.",Недвижимость,"Квартира студия. Хороший район, рядом магазины и остановки. Пишите в сообщения."
Женское пальто,"Размер указан на фотографии, состояние отличное. Срочная продажа.",Одежда,"Женское пальто. Размер указан на фотографии, состояние отличное. Срочная продажа."
Клавиатура механическая,"Подойдет для работы, учебы и повседневных задач. Подробности расскажу по телефону.",Электроника,"Клавиатура механическая. Подойдет для работы, учебы и повседневных задач. Подробности расскажу по телефону."
Компьютерный стол,Прочная конструкция и аккуратный внешний вид. Цена обсуждается.,Мебель,Компьютерный стол. Прочная конструкция и аккуратный внешний вид. Цена обсуждается.
Разработка сайта,"Большой опыт, возможен выезд к заказчику. Подробности расскажу по телефону.",Услуги,"Разработка сайта. Большой опыт, возможен выезд к заказчику. Подробности расскажу по телефону."
Электронная книга,Можно проверить при встрече перед покупкой. Реальные фотографии.,Электроника,Электронная книга. Можно проверить при встрече перед покупкой. Реальные фотографии.
Гараж,Рядом находится общественный транспорт и необходимая инфраструктура. Реальные фотографии.,Недвижимость,Гараж. Рядом находится общественный транспорт и необходимая инфраструктура. Реальные фотографии.
Создание презентации,"Работаю по договоренности, сроки согласовываем заранее. Есть дополнительные фотографии.",Услуги,"Создание презентации. Работаю по договоренности, сроки согласовываем заранее. Есть дополнительные фотографии."
Ноутбук Lenovo,"Отличное состояние, без серьезных следов использования. Самовывоз.",Электроника,"Ноутбук Lenovo. Отличное состояние, без серьезных следов использования. Самовывоз."
Volkswagen Tiguan,Автомобиль в хорошем техническом состоянии. Подробности расскажу по телефону.,Автомобили,Volkswagen Tiguan. Автомобиль в хорошем техническом состоянии. Подробности расскажу по телефону.
Кухонный гарнитур,Мебель чистая и готова к использованию. Возможен торг.,Мебель,Кухонный гарнитур. Мебель чистая и готова к использованию. Возможен торг.
Книжный шкаф,Мебель чистая и готова к использованию. Срочная продажа.,Мебель,Книжный шкаф. Мебель чистая и готова к использованию. Срочная продажа.
Hyundai Creta,"Салон аккуратный, без посторонних запахов. Возможен торг.",Автомобили,"Hyundai Creta. Салон аккуратный, без посторонних запахов. Возможен торг."
Летнее платье,Без пятен и повреждений. Можно посмотреть перед покупкой.,Одежда,Летнее платье. Без пятен и повреждений. Можно посмотреть перед покупкой.
Мужские кроссовки,"Хранилось аккуратно, внешний вид сохранен. Цена обсуждается.",Одежда,"Мужские кроссовки. Хранилось аккуратно, внешний вид сохранен. Цена обсуждается."
Джинсы Levi's,"Материал качественный, выглядит аккуратно. Цена обсуждается.",Одежда,"Джинсы Levi's. Материал качественный, выглядит аккуратно. Цена обсуждается."
Квартира студия,Документы готовы к сделке. Цена обсуждается.,Недвижимость,Квартира студия. Документы готовы к сделке. Цена обсуждается.
Джинсы Levi's,Можно примерить перед покупкой. Доставка обсуждается отдельно.,Одежда,Джинсы Levi's. Можно примерить перед покупкой. Доставка обсуждается отдельно.
Письменный стол,Удобный вариант для небольшой комнаты. Самовывоз.,Мебель,Письменный стол. Удобный вариант для небольшой комнаты. Самовывоз.
Кухонный гарнитур,"Использовалась аккуратно, все механизмы работают. Возможен торг.",Мебель,"Кухонный гарнитур. Использовалась аккуратно, все механизмы работают. Возможен торг."
Однокомнатная квартира,"Хороший район, рядом магазины и остановки. Доставка обсуждается отдельно.",Недвижимость,"Однокомнатная квартира. Хороший район, рядом магазины и остановки. Доставка обсуждается отдельно."
Компьютерное кресло,Удобный вариант для небольшой комнаты. Доставка обсуждается отдельно.,Мебель,Компьютерное кресло. Удобный вариант для небольшой комнаты. Доставка обсуждается отдельно.
Hyundai Creta,Готов к проверке на любом сервисе. Срочная продажа.,Автомобили,Hyundai Creta. Готов к проверке на любом сервисе. Срочная продажа.
Трехкомнатная квартира,Есть мебель и бытовая техника. Доставка обсуждается отдельно.,Недвижимость,Трехкомнатная квартира. Есть мебель и бытовая техника. Доставка обсуждается отдельно.
Книжный шкаф,Можно забрать самостоятельно. Можно посмотреть перед покупкой.,Мебель,Книжный шкаф. Можно забрать самостоятельно. Можно посмотреть перед покупкой.
Мужские кроссовки,"Продаю в связи с тем, что не подошел размер. Можно посмотреть перед покупкой.",Одежда,"Мужские кроссовки. Продаю в связи с тем, что не подошел размер. Можно посмотреть перед покупкой."
Компьютерный стол,Прочная конструкция и аккуратный внешний вид. Самовывоз.,Мебель,Компьютерный стол. Прочная конструкция и аккуратный внешний вид. Самовывоз.
Электронная книга,Продаю в связи с покупкой новой модели. Срочная продажа.,Электроника,Электронная книга. Продаю в связи с покупкой новой модели. Срочная продажа.
Ноутбук ASUS,"Есть коробка, документы и необходимые аксессуары. Самовывоз.",Электроника,"Ноутбук ASUS. Есть коробка, документы и необходимые аксессуары. Самовывоз."
Ford Focus,Подойдет для города и дальних поездок. Доставка обсуждается отдельно.,Автомобили,Ford Focus. Подойдет для города и дальних поездок. Доставка обсуждается отдельно.
Volkswagen Tiguan,Регулярно проходил техническое обслуживание. Можно посмотреть перед покупкой.,Автомобили,Volkswagen Tiguan. Регулярно проходил техническое обслуживание. Можно посмотреть перед покупкой.
Книжный шкаф,Продается в связи с переездом. Срочная продажа.,Мебель,Книжный шкаф. Продается в связи с переездом. Срочная продажа.
Перевод текстов,Можно заказать отдельную услугу или полный комплекс работ. Пишите в сообщения.,Услуги,Перевод текстов. Можно заказать отдельную услугу или полный комплекс работ. Пишите в сообщения.
Фотосессия,Можно заказать отдельную услугу или полный комплекс работ. Подробности расскажу по телефону.,Услуги,Фотосессия. Можно заказать отдельную услугу или полный комплекс работ. Подробности расскажу по телефону.
Загородный дом,Тихий район с удобным подъездом. Срочная продажа.,Недвижимость,Загородный дом. Тихий район с удобным подъездом. Срочная продажа.
Renault Logan,Готов к проверке на любом сервисе. Подробности расскажу по телефону.,Автомобили,Renault Logan. Готов к проверке на любом сервисе. Подробности расскажу по телефону.
BMW 3 серии,"Салон аккуратный, без посторонних запахов. Возможен торг.",Автомобили,"BMW 3 серии. Салон аккуратный, без посторонних запахов. Возможен торг."
Kia Rio,Есть комплект зимней резины. Подробности расскажу по телефону.,Автомобили,Kia Rio. Есть комплект зимней резины. Подробности расскажу по телефону.
Трехкомнатная квартира,"Хороший район, рядом магазины и остановки. Есть дополнительные фотографии.",Недвижимость,"Трехкомнатная квартира. Хороший район, рядом магазины и остановки. Есть дополнительные фотографии."
Детский письменный стол,"Хорошее состояние, без серьезных повреждений. Доставка обсуждается отдельно.",Мебель,"Детский письменный стол. Хорошее состояние, без серьезных повреждений. Доставка обсуждается отдельно."
Разработка сайта,"Большой опыт, возможен выезд к заказчику. Есть дополнительные фотографии.",Услуги,"Разработка сайта. Большой опыт, возможен выезд к заказчику. Есть дополнительные фотографии."
Ford Focus,Есть комплект зимней резины. Доставка обсуждается отдельно.,Автомобили,Ford Focus. Есть комплект зимней резины. Доставка обсуждается отдельно.
Ремонт квартир,Работаю аккуратно и соблюдаю сроки. Можно посмотреть перед покупкой.,Услуги,Ремонт квартир. Работаю аккуратно и соблюдаю сроки. Можно посмотреть перед покупкой.
Volkswagen Polo,Регулярно проходил техническое обслуживание. Срочная продажа.,Автомобили,Volkswagen Polo. Регулярно проходил техническое обслуживание. Срочная продажа.
Перевод текстов,Можно заказать отдельную услугу или полный комплекс работ. Цена обсуждается.,Услуги,Перевод текстов. Можно заказать отдельную услугу или полный комплекс работ. Цена обсуждается.
Гараж,Есть мебель и бытовая техника. Реальные фотографии.,Недвижимость,Гараж. Есть мебель и бытовая техника. Реальные фотографии.
Квартира студия,"Квартира светлая, после ремонта. Самовывоз.",Недвижимость,"Квартира студия. Квартира светлая, после ремонта. Самовывоз."
Мужской свитер,Можно примерить перед покупкой. Цена обсуждается.,Одежда,Мужской свитер. Можно примерить перед покупкой. Цена обсуждается.
Квартира после ремонта,"Рядом школа, детский сад и магазины. Можно посмотреть перед покупкой.",Недвижимость,"Квартира после ремонта. Рядом школа, детский сад и магазины. Можно посмотреть перед покупкой."
Volkswagen Polo,Продаю в связи с покупкой другого автомобиля. Есть дополнительные фотографии.,Автомобили,Volkswagen Polo. Продаю в связи с покупкой другого автомобиля. Есть дополнительные фотографии.
Видеокарта NVIDIA,"Есть коробка, документы и необходимые аксессуары. Цена обсуждается.",Электроника,"Видеокарта NVIDIA. Есть коробка, документы и необходимые аксессуары. Цена обсуждается."
Фотоаппарат Canon,"Есть коробка, документы и необходимые аксессуары. Пишите в сообщения.",Электроника,"Фотоаппарат Canon. Есть коробка, документы и необходимые аксессуары. Пишите в сообщения."
Женская зимняя куртка,"Носилось несколько раз, без заметных повреждений. Цена обсуждается.",Одежда,"Женская зимняя куртка. Носилось несколько раз, без заметных повреждений. Цена обсуждается."
Уборка квартир,"Работаю по договоренности, сроки согласовываем заранее. Можно посмотреть перед покупкой.",Услуги,"Уборка квартир. Работаю по договоренности, сроки согласовываем заранее. Можно посмотреть перед покупкой."
Кресло для гостиной,Продается в связи с переездом. Возможен торг.,Мебель,Кресло для гостиной. Продается в связи с переездом. Возможен торг.
Kia Rio,Автомобиль в хорошем техническом состоянии. Возможен торг.,Автомобили,Kia Rio. Автомобиль в хорошем техническом состоянии. Возможен торг.
Вечернее платье,"Материал качественный, выглядит аккуратно. Самовывоз.",Одежда,"Вечернее платье. Материал качественный, выглядит аккуратно. Самовывоз."
Летнее платье,Можно примерить перед покупкой. Возможен торг.,Одежда,Летнее платье. Можно примерить перед покупкой. Возможен торг.
Компьютерный стол,"Есть небольшие следы эксплуатации, на функциональность не влияют. Срочная продажа.",Мебель,"Компьютерный стол. Есть небольшие следы эксплуатации, на функциональность не влияют. Срочная продажа."
Монтаж видео,Стоимость зависит от объема и сложности задачи. Реальные фотографии.,Услуги,Монтаж видео. Стоимость зависит от объема и сложности задачи. Реальные фотографии.
Перевод текстов,"Работаю по договоренности, сроки согласовываем заранее. Срочная продажа.",Услуги,"Перевод текстов. Работаю по договоренности, сроки согласовываем заранее. Срочная продажа."
Однокомнатная квартира,"Рядом школа, детский сад и магазины. Пишите в сообщения.",Недвижимость,"Однокомнатная квартира. Рядом школа, детский сад и магазины. Пишите в сообщения."
Ремонт квартир,Можно заказать отдельную услугу или полный комплекс работ. Самовывоз.,Услуги,Ремонт квартир. Можно заказать отдельную услугу или полный комплекс работ. Самовывоз.
Toyota Corolla,Двигатель и коробка работают без нареканий. Срочная продажа.,Автомобили,Toyota Corolla. Двигатель и коробка работают без нареканий. Срочная продажа.
Садовый дом,"Хороший район, рядом магазины и остановки. Возможен торг.",Недвижимость,"Садовый дом. Хороший район, рядом магазины и остановки. Возможен торг."
Двухкомнатная квартира,Подойдет для проживания семьи. Самовывоз.,Недвижимость,Двухкомнатная квартира. Подойдет для проживания семьи. Самовывоз.
Ford Focus,"Один владелец, бережная эксплуатация. Срочная продажа.",Автомобили,"Ford Focus. Один владелец, бережная эксплуатация. Срочная продажа."
Гараж,Тихий район с удобным подъездом. Срочная продажа.,Недвижимость,Гараж. Тихий район с удобным подъездом. Срочная продажа.
Ноутбук ASUS,"Есть коробка, документы и необходимые аксессуары. Можно посмотреть перед покупкой.",Электроника,"Ноутбук ASUS. Есть коробка, документы и необходимые аксессуары. Можно посмотреть перед покупкой."
Угловой диван,"Хорошее состояние, без серьезных повреждений. Можно посмотреть перед покупкой.",Мебель,"Угловой диван. Хорошее состояние, без серьезных повреждений. Можно посмотреть перед покупкой."
Земельный участок,Дополнительную информацию и фотографии отправлю в сообщении. Подробности расскажу по телефону.,Недвижимость,Земельный участок. Дополнительную информацию и фотографии отправлю в сообщении. Подробности расскажу по телефону.
Женское пальто,Подойдет для повседневной носки. Возможен торг.,Одежда,Женское пальто. Подойдет для повседневной носки. Возможен торг.
Гараж,В квартире никто не проживает. Подробности расскажу по телефону.,Недвижимость,Гараж. В квартире никто не проживает. Подробности расскажу по телефону.
Toyota Corolla,"Салон аккуратный, без посторонних запахов. Срочная продажа.",Автомобили,"Toyota Corolla. Салон аккуратный, без посторонних запахов. Срочная продажа."
Дом с участком,Документы готовы к сделке. Есть дополнительные фотографии.,Недвижимость,Дом с участком. Документы готовы к сделке. Есть дополнительные фотографии.
Земельный участок,"Хороший район, рядом магазины и остановки. Возможен торг.",Недвижимость,"Земельный участок. Хороший район, рядом магазины и остановки. Возможен торг."
Уборка квартир,Можно заказать отдельную услугу или полный комплекс работ. Есть дополнительные фотографии.,Услуги,Уборка квартир. Можно заказать отдельную услугу или полный комплекс работ. Есть дополнительные фотографии.
Hyundai Creta,Есть комплект зимней резины. Самовывоз.,Автомобили,Hyundai Creta. Есть комплект зимней резины. Самовывоз.
Компьютерный стол,Можно забрать самостоятельно. Реальные фотографии.,Мебель,Компьютерный стол. Можно забрать самостоятельно. Реальные фотографии.
Гараж,"Хороший район, рядом магазины и остановки. Возможен торг.",Недвижимость,"Гараж. Хороший район, рядом магазины и остановки. Возможен торг."
Ноутбук ASUS,"Отличное состояние, без серьезных следов использования. Реальные фотографии.",Электроника,"Ноутбук ASUS. Отличное состояние, без серьезных следов использования. Реальные фотографии."
Тумба под телевизор,Можно забрать самостоятельно. Самовывоз.,Мебель,Тумба под телевизор. Можно забрать самостоятельно. Самовывоз.
Студия в центре,"Квартира светлая, после ремонта. Цена обсуждается.",Недвижимость,"Студия в центре. Квартира светлая, после ремонта. Цена обсуждается."
Комод для спальни,Прочная конструкция и аккуратный внешний вид. Самовывоз.,Мебель,Комод для спальни. Прочная конструкция и аккуратный внешний вид. Самовывоз.
Квартира после ремонта,Документы готовы к сделке. Реальные фотографии.,Недвижимость,Квартира после ремонта. Документы готовы к сделке. Реальные фотографии.
Зимние ботинки,Без пятен и повреждений. Доставка обсуждается отдельно.,Одежда,Зимние ботинки. Без пятен и повреждений. Доставка обсуждается отдельно.
Hyundai Solaris,Продаю в связи с покупкой другого автомобиля. Подробности расскажу по телефону.,Автомобили,Hyundai Solaris. Продаю в связи с покупкой другого автомобиля. Подробности расскажу по телефону.
Спортивный костюм,"Хранилось аккуратно, внешний вид сохранен. Подробности расскажу по телефону.",Одежда,"Спортивный костюм. Хранилось аккуратно, внешний вид сохранен. Подробности расскажу по телефону."
Фотограф на мероприятие,Предварительно обсуждаем требования и результат. Реальные фотографии.,Услуги,Фотограф на мероприятие. Предварительно обсуждаем требования и результат. Реальные фотографии.
Видеокарта NVIDIA,"Полностью исправен, использовался аккуратно, все функции работают. Есть дополнительные фотографии.",Электроника,"Видеокарта NVIDIA. Полностью исправен, использовался аккуратно, все функции работают. Есть дополнительные фотографии."
Создание презентации,Свяжитесь со мной для уточнения деталей. Возможен торг.,Услуги,Создание презентации. Свяжитесь со мной для уточнения деталей. Возможен торг.
Шкаф купе,Можно забрать самостоятельно. Самовывоз.,Мебель,Шкаф купе. Можно забрать самостоятельно. Самовывоз.
Студия в центре,Тихий район с удобным подъездом. Можно посмотреть перед покупкой.,Недвижимость,Студия в центре. Тихий район с удобным подъездом. Можно посмотреть перед покупкой.
Комод для спальни,Мебель чистая и готова к использованию. Можно посмотреть перед покупкой.,Мебель,Комод для спальни. Мебель чистая и готова к использованию. Можно посмотреть перед покупкой.
Детская куртка,"Оригинальная вещь, покупалась в магазине. Можно посмотреть перед покупкой.",Одежда,"Детская куртка. Оригинальная вещь, покупалась в магазине. Можно посмотреть перед покупкой."
Книжный шкаф,"Есть небольшие следы эксплуатации, на функциональность не влияют. Срочная продажа.",Мебель,"Книжный шкаф. Есть небольшие следы эксплуатации, на функциональность не влияют. Срочная продажа."
Ford Focus,"Один владелец, бережная эксплуатация. Возможен торг.",Автомобили,"Ford Focus. Один владелец, бережная эксплуатация. Возможен торг."
Планшет Samsung,"Есть коробка, документы и необходимые аксессуары. Срочная продажа.",Электроника,"Планшет Samsung. Есть коробка, документы и необходимые аксессуары. Срочная продажа."
Телевизор LG,"Отличное состояние, без серьезных следов использования. Цена обсуждается.",Электроника,"Телевизор LG. Отличное состояние, без серьезных следов использования. Цена обсуждается."
iPhone в отличном состоянии,В комплекте зарядное устройство и оригинальная упаковка. Самовывоз.,Электроника,iPhone в отличном состоянии. В комплекте зарядное устройство и оригинальная упаковка. Самовывоз.
Ford Focus,"Пробег подтвержден, документы в порядке. Есть дополнительные фотографии.",Автомобили,"Ford Focus. Пробег подтвержден, документы в порядке. Есть дополнительные фотографии."
Toyota Camry,Двигатель и коробка работают без нареканий. Срочная продажа.,Автомобили,Toyota Camry. Двигатель и коробка работают без нареканий. Срочная продажа.
Ford Focus,Готов к проверке на любом сервисе. Есть дополнительные фотографии.,Автомобили,Ford Focus. Готов к проверке на любом сервисе. Есть дополнительные фотографии.
Мужские кроссовки,"Материал качественный, выглядит аккуратно. Реальные фотографии.",Одежда,"Мужские кроссовки. Материал качественный, выглядит аккуратно. Реальные фотографии."
Детская куртка,"Продаю в связи с тем, что не подошел размер. Реальные фотографии.",Одежда,"Детская куртка. Продаю в связи с тем, что не подошел размер. Реальные фотографии."
Kia Rio,Регулярно проходил техническое обслуживание. Подробности расскажу по телефону.,Автомобили,Kia Rio. Регулярно проходил техническое обслуживание. Подробности расскажу по телефону.
Участок под строительство,"Хороший район, рядом магазины и остановки. Можно посмотреть перед покупкой.",Недвижимость,"Участок под строительство. Хороший район, рядом магазины и остановки. Можно посмотреть перед покупкой."
Умные часы,"Использовался дома, хранился бережно. Срочная продажа.",Электроника,"Умные часы. Использовался дома, хранился бережно. Срочная продажа."
Студия в центре,"Хороший район, рядом магазины и остановки. Доставка обсуждается отдельно.",Недвижимость,"Студия в центре. Хороший район, рядом магазины и остановки. Доставка обсуждается отдельно."
Комод для спальни,"Подойдет для квартиры, дома или офиса. Подробности расскажу по телефону.",Мебель,"Комод для спальни. Подойдет для квартиры, дома или офиса. Подробности расскажу по телефону."
Таунхаус,"Квартира светлая, после ремонта. Подробности расскажу по телефону.",Недвижимость,"Таунхаус. Квартира светлая, после ремонта. Подробности расскажу по телефону."
Nissan Qashqai,Подойдет для города и дальних поездок. Подробности расскажу по телефону.,Автомобили,Nissan Qashqai. Подойдет для города и дальних поездок. Подробности расскажу по телефону.
Детская куртка,"Оригинальная вещь, покупалась в магазине. Доставка обсуждается отдельно.",Одежда,"Детская куртка. Оригинальная вещь, покупалась в магазине. Доставка обсуждается отдельно."
Kia Sportage,Регулярно проходил техническое обслуживание. Реальные фотографии.,Автомобили,Kia Sportage. Регулярно проходил техническое обслуживание. Реальные фотографии.
Умные часы,"Использовался дома, хранился бережно. Можно посмотреть перед покупкой.",Электроника,"Умные часы. Использовался дома, хранился бережно. Можно посмотреть перед покупкой."
Угловой диван,Удобный вариант для небольшой комнаты. Подробности расскажу по телефону.,Мебель,Угловой диван. Удобный вариант для небольшой комнаты. Подробности расскажу по телефону.
Садовый дом,Рядом находится общественный транспорт и необходимая инфраструктура. Доставка обсуждается отдельно.,Недвижимость,Садовый дом. Рядом находится общественный транспорт и необходимая инфраструктура. Доставка обсуждается отдельно.
Детская куртка,Можно примерить перед покупкой. Самовывоз.,Одежда,Детская куртка. Можно примерить перед покупкой. Самовывоз.
Volkswagen Tiguan,"Салон аккуратный, без посторонних запахов. Есть дополнительные фотографии.",Автомобили,"Volkswagen Tiguan. Салон аккуратный, без посторонних запахов. Есть дополнительные фотографии."
Телевизор LG,"Есть коробка, документы и необходимые аксессуары. Срочная продажа.",Электроника,"Телевизор LG. Есть коробка, документы и необходимые аксессуары. Срочная продажа."
Перевод текстов,Свяжитесь со мной для уточнения деталей. Реальные фотографии.,Услуги,Перевод текстов. Свяжитесь со мной для уточнения деталей. Реальные фотографии.
Renault Logan,Есть комплект зимней резины. Подробности расскажу по телефону.,Автомобили,Renault Logan. Есть комплект зимней резины. Подробности расскажу по телефону.
Комната в общежитии,"Хороший район, рядом магазины и остановки. Подробности расскажу по телефону.",Недвижимость,"Комната в общежитии. Хороший район, рядом магазины и остановки. Подробности расскажу по телефону."
Комната в общежитии,Дополнительную информацию и фотографии отправлю в сообщении. Реальные фотографии.,Недвижимость,Комната в общежитии. Дополнительную информацию и фотографии отправлю в сообщении. Реальные фотографии.
Игровая приставка,Хороший вариант для дома или офиса. Подробности расскажу по телефону.,Электроника,Игровая приставка. Хороший вариант для дома или офиса. Подробности расскажу по телефону.
Электронная книга,"Полностью исправен, использовался аккуратно, все функции работают. Самовывоз.",Электроника,"Электронная книга. Полностью исправен, использовался аккуратно, все функции работают. Самовывоз."
Репетитор по английскому,Свяжитесь со мной для уточнения деталей. Срочная продажа.,Услуги,Репетитор по английскому. Свяжитесь со мной для уточнения деталей. Срочная продажа.
Разработка сайта,Предварительно обсуждаем требования и результат. Подробности расскажу по телефону.,Услуги,Разработка сайта. Предварительно обсуждаем требования и результат. Подробности расскажу по телефону.
Ремонт квартир,"Большой опыт, возможен выезд к заказчику. Реальные фотографии.",Услуги,"Ремонт квартир. Большой опыт, возможен выезд к заказчику. Реальные фотографии."
Кресло для гостиной,Можно забрать самостоятельно. Цена обсуждается.,Мебель,Кресло для гостиной. Можно забрать самостоятельно. Цена обсуждается.
Мужская куртка,Без пятен и повреждений. Есть дополнительные фотографии.,Одежда,Мужская куртка. Без пятен и повреждений. Есть дополнительные фотографии.
Фотограф на мероприятие,Стоимость зависит от объема и сложности задачи. Доставка обсуждается отдельно.,Услуги,Фотограф на мероприятие. Стоимость зависит от объема и сложности задачи. Доставка обсуждается отдельно.
Кожаная сумка,Подойдет для повседневной носки. Можно посмотреть перед покупкой.,Одежда,Кожаная сумка. Подойдет для повседневной носки. Можно посмотреть перед покупкой.
BMW 3 серии,Продаю в связи с покупкой другого автомобиля. Самовывоз.,Автомобили,BMW 3 серии. Продаю в связи с покупкой другого автомобиля. Самовывоз.
Компьютерное кресло,"Использовалась аккуратно, все механизмы работают. Есть дополнительные фотографии.",Мебель,"Компьютерное кресло. Использовалась аккуратно, все механизмы работают. Есть дополнительные фотографии."
Мужские кроссовки,Можно примерить перед покупкой. Срочная продажа.,Одежда,Мужские кроссовки. Можно примерить перед покупкой. Срочная продажа.
Стеллаж,Прочная конструкция и аккуратный внешний вид. Реальные фотографии.,Мебель,Стеллаж. Прочная конструкция и аккуратный внешний вид. Реальные фотографии.
Ноутбук Lenovo,Хороший вариант для дома или офиса. Подробности расскажу по телефону.,Электроника,Ноутбук Lenovo. Хороший вариант для дома или офиса. Подробности расскажу по телефону.
Ноутбук Lenovo,Хороший вариант для дома или офиса. Доставка обсуждается отдельно.,Электроника,Ноутбук Lenovo. Хороший вариант для дома или офиса. Доставка обсуждается отдельно.
Мужская куртка,"Хранилось аккуратно, внешний вид сохранен. Реальные фотографии.",Одежда,"Мужская куртка. Хранилось аккуратно, внешний вид сохранен. Реальные фотографии."
Уборка квартир,"Большой опыт, возможен выезд к заказчику. Можно посмотреть перед покупкой.",Услуги,"Уборка квартир. Большой опыт, возможен выезд к заказчику. Можно посмотреть перед покупкой."
Монитор для компьютера,Продаю в связи с покупкой новой модели. Возможен торг.,Электроника,Монитор для компьютера. Продаю в связи с покупкой новой модели. Возможен торг.
Трехкомнатная квартира,Рядом находится общественный транспорт и необходимая инфраструктура. Подробности расскажу по телефону.,Недвижимость,Трехкомнатная квартира. Рядом находится общественный транспорт и необходимая инфраструктура. Подробности расскажу по телефону.
Джинсы Levi's,Без пятен и повреждений. Возможен торг.,Одежда,Джинсы Levi's. Без пятен и повреждений. Возможен торг.
Гараж,"Квартира светлая, после ремонта. Реальные фотографии.",Недвижимость,"Гараж. Квартира светлая, после ремонта. Реальные фотографии."
Kia Rio,Готов к проверке на любом сервисе. Есть дополнительные фотографии.,Автомобили,Kia Rio. Готов к проверке на любом сервисе. Есть дополнительные фотографии.
Настройка рекламы,"Большой опыт, возможен выезд к заказчику. Цена обсуждается.",Услуги,"Настройка рекламы. Большой опыт, возможен выезд к заказчику. Цена обсуждается."
Renault Logan,"Салон аккуратный, без посторонних запахов. Цена обсуждается.",Автомобили,"Renault Logan. Салон аккуратный, без посторонних запахов. Цена обсуждается."
Прикроватная тумба,Мебель чистая и готова к использованию. Пишите в сообщения.,Мебель,Прикроватная тумба. Мебель чистая и готова к использованию. Пишите в сообщения.
Kia Sportage,Двигатель и коробка работают без нареканий. Подробности расскажу по телефону.,Автомобили,Kia Sportage. Двигатель и коробка работают без нареканий. Подробности расскажу по телефону.
Nissan Qashqai,"Один владелец, бережная эксплуатация. Срочная продажа.",Автомобили,"Nissan Qashqai. Один владелец, бережная эксплуатация. Срочная продажа."
Фотоаппарат Canon,"Отличное состояние, без серьезных следов использования. Подробности расскажу по телефону.",Электроника,"Фотоаппарат Canon. Отличное состояние, без серьезных следов использования. Подробности расскажу по телефону."
Кресло для гостиной,Продается в связи с переездом. Реальные фотографии.,Мебель,Кресло для гостиной. Продается в связи с переездом. Реальные фотографии.
Игровая приставка,"Отличное состояние, без серьезных следов использования. Возможен торг.",Электроника,"Игровая приставка. Отличное состояние, без серьезных следов использования. Возможен торг."
Kia Rio,"Салон аккуратный, без посторонних запахов. Есть дополнительные фотографии.",Автомобили,"Kia Rio. Салон аккуратный, без посторонних запахов. Есть дополнительные фотографии."
Беспроводные наушники,"Полностью исправен, использовался аккуратно, все функции работают. Реальные фотографии.",Электроника,"Беспроводные наушники. Полностью исправен, использовался аккуратно, все функции работают. Реальные фотографии."
Фотосессия,"Работаю с частными клиентами, стоимость обсуждается заранее. Можно посмотреть перед покупкой.",Услуги,"Фотосессия. Работаю с частными клиентами, стоимость обсуждается заранее. Можно посмотреть перед покупкой."
Загородный дом,Рядом находится общественный транспорт и необходимая инфраструктура. Реальные фотографии.,Недвижимость,Загородный дом. Рядом находится общественный транспорт и необходимая инфраструктура. Реальные фотографии.
Летнее платье,"Размер указан на фотографии, состояние отличное. Пишите в сообщения.",Одежда,"Летнее платье. Размер указан на фотографии, состояние отличное. Пишите в сообщения."
Гараж,В квартире никто не проживает. Есть дополнительные фотографии.,Недвижимость,Гараж. В квартире никто не проживает. Есть дополнительные фотографии.
Ремонт компьютеров,Работаю аккуратно и соблюдаю сроки. Срочная продажа.,Услуги,Ремонт компьютеров. Работаю аккуратно и соблюдаю сроки. Срочная продажа.
Мужские кроссовки,Подойдет для повседневной носки. Можно посмотреть перед покупкой.,Одежда,Мужские кроссовки. Подойдет для повседневной носки. Можно посмотреть перед покупкой.
Женские кеды,"Материал качественный, выглядит аккуратно. Цена обсуждается.",Одежда,"Женские кеды. Материал качественный, выглядит аккуратно. Цена обсуждается."
Классическая рубашка,"Размер указан на фотографии, состояние отличное. Подробности расскажу по телефону.",Одежда,"Классическая рубашка. Размер указан на фотографии, состояние отличное. Подробности расскажу по телефону."
Репетитор по английскому,Можно заказать отдельную услугу или полный комплекс работ. Реальные фотографии.,Услуги,Репетитор по английскому. Можно заказать отдельную услугу или полный комплекс работ. Реальные фотографии.
Квартира рядом с метро,Дополнительную информацию и фотографии отправлю в сообщении. Возможен торг.,Недвижимость,Квартира рядом с метро. Дополнительную информацию и фотографии отправлю в сообщении. Возможен торг.
Настройка рекламы,Примеры выполненных работ отправлю по запросу. Доставка обсуждается отдельно.,Услуги,Настройка рекламы. Примеры выполненных работ отправлю по запросу. Доставка обсуждается отдельно.
Фотосессия,Свяжитесь со мной для уточнения деталей. Цена обсуждается.,Услуги,Фотосессия. Свяжитесь со мной для уточнения деталей. Цена обсуждается.
Гараж,"Квартира светлая, после ремонта. Можно посмотреть перед покупкой.",Недвижимость,"Гараж. Квартира светлая, после ремонта. Можно посмотреть перед покупкой."
Классическая рубашка,"Размер указан на фотографии, состояние отличное. Цена обсуждается.",Одежда,"Классическая рубашка. Размер указан на фотографии, состояние отличное. Цена обсуждается."
Kia Rio,Регулярно проходил техническое обслуживание. Срочная продажа.,Автомобили,Kia Rio. Регулярно проходил техническое обслуживание. Срочная продажа.
Беспроводные наушники,В комплекте зарядное устройство и оригинальная упаковка. Доставка обсуждается отдельно.,Электроника,Беспроводные наушники. В комплекте зарядное устройство и оригинальная упаковка. Доставка обсуждается отдельно.
Летнее платье,"Хранилось аккуратно, внешний вид сохранен. Пишите в сообщения.",Одежда,"Летнее платье. Хранилось аккуратно, внешний вид сохранен. Пишите в сообщения."
Женское пальто,"Продаю в связи с тем, что не подошел размер. Реальные фотографии.",Одежда,"Женское пальто. Продаю в связи с тем, что не подошел размер. Реальные фотографии."
Садовый дом,"Рядом школа, детский сад и магазины. Возможен торг.",Недвижимость,"Садовый дом. Рядом школа, детский сад и магазины. Возможен торг."
Обеденный стол,Мебель чистая и готова к использованию. Подробности расскажу по телефону.,Мебель,Обеденный стол. Мебель чистая и готова к использованию. Подробности расскажу по телефону.
Электронная книга,"Работает стабильно, недавно прошел проверку. Подробности расскажу по телефону.",Электроника,"Электронная книга. Работает стабильно, недавно прошел проверку. Подробности расскажу по телефону."
Ноутбук ASUS,Хороший вариант для дома или офиса. Подробности расскажу по телефону.,Электроника,Ноутбук ASUS. Хороший вариант для дома или офиса. Подробности расскажу по телефону.
Клавиатура механическая,В комплекте зарядное устройство и оригинальная упаковка. Самовывоз.,Электроника,Клавиатура механическая. В комплекте зарядное устройство и оригинальная упаковка. Самовывоз.
Угловой диван,"Использовалась аккуратно, все механизмы работают. Возможен торг.",Мебель,"Угловой диван. Использовалась аккуратно, все механизмы работают. Возможен торг."
Детская куртка,"Продаю в связи с тем, что не подошел размер. Подробности расскажу по телефону.",Одежда,"Детская куртка. Продаю в связи с тем, что не подошел размер. Подробности расскажу по телефону."
Игровая приставка,"Подойдет для работы, учебы и повседневных задач. Можно посмотреть перед покупкой.",Электроника,"Игровая приставка. Подойдет для работы, учебы и повседневных задач. Можно посмотреть перед покупкой."
Комната в общежитии,"Квартира светлая, после ремонта. Цена обсуждается.",Недвижимость,"Комната в общежитии. Квартира светлая, после ремонта. Цена обсуждается."
Компьютерный стол,"Использовалась аккуратно, все механизмы работают. Возможен торг.",Мебель,"Компьютерный стол. Использовалась аккуратно, все механизмы работают. Возможен торг."
iPhone в отличном состоянии,"Есть коробка, документы и необходимые аксессуары. Цена обсуждается.",Электроника,"iPhone в отличном состоянии. Есть коробка, документы и необходимые аксессуары. Цена обсуждается."
Квартира после ремонта,Подойдет для проживания семьи. Можно посмотреть перед покупкой.,Недвижимость,Квартира после ремонта. Подойдет для проживания семьи. Можно посмотреть перед покупкой.
Трехкомнатная квартира,Подойдет для проживания семьи. Пишите в сообщения.,Недвижимость,Трехкомнатная квартира. Подойдет для проживания семьи. Пишите в сообщения.
Планшет Samsung,Можно проверить при встрече перед покупкой. Возможен торг.,Электроника,Планшет Samsung. Можно проверить при встрече перед покупкой. Возможен торг.
Дизайн интерьера,"Большой опыт, возможен выезд к заказчику. Доставка обсуждается отдельно.",Услуги,"Дизайн интерьера. Большой опыт, возможен выезд к заказчику. Доставка обсуждается отдельно."
Обеденный стол,Удобный вариант для небольшой комнаты. Доставка обсуждается отдельно.,Мебель,Обеденный стол. Удобный вариант для небольшой комнаты. Доставка обсуждается отдельно.
Дом с участком,В квартире никто не проживает. Есть дополнительные фотографии.,Недвижимость,Дом с участком. В квартире никто не проживает. Есть дополнительные фотографии.
Toyota Camry,Регулярно проходил техническое обслуживание. Есть дополнительные фотографии.,Автомобили,Toyota Camry. Регулярно проходил техническое обслуживание. Есть дополнительные фотографии.
Фотосессия,Предварительно обсуждаем требования и результат. Возможен торг.,Услуги,Фотосессия. Предварительно обсуждаем требования и результат. Возможен торг.
Renault Logan,Есть комплект зимней резины. Можно посмотреть перед покупкой.,Автомобили,Renault Logan. Есть комплект зимней резины. Можно посмотреть перед покупкой.
Уборка квартир,Примеры выполненных работ отправлю по запросу. Цена обсуждается.,Услуги,Уборка квартир. Примеры выполненных работ отправлю по запросу. Цена обсуждается.
Дизайн интерьера,"Работаю с частными клиентами, стоимость обсуждается заранее. Есть дополнительные фотографии.",Услуги,"Дизайн интерьера. Работаю с частными клиентами, стоимость обсуждается заранее. Есть дополнительные фотографии."
Ремонт компьютеров,Примеры выполненных работ отправлю по запросу. Самовывоз.,Услуги,Ремонт компьютеров. Примеры выполненных работ отправлю по запросу. Самовывоз.
Дом с участком,"Рядом школа, детский сад и магазины. Реальные фотографии.",Недвижимость,"Дом с участком. Рядом школа, детский сад и магазины. Реальные фотографии."
Игровая приставка,"Отличное состояние, без серьезных следов использования. Самовывоз.",Электроника,"Игровая приставка. Отличное состояние, без серьезных следов использования. Самовывоз."
Фотоаппарат Canon,"Подойдет для работы, учебы и повседневных задач. Цена обсуждается.",Электроника,"Фотоаппарат Canon. Подойдет для работы, учебы и повседневных задач. Цена обсуждается."
Toyota Camry,Есть комплект зимней резины. Цена обсуждается.,Автомобили,Toyota Camry. Есть комплект зимней резины. Цена обсуждается.
Женские кеды,Дополнительные фотографии отправлю по запросу. Есть дополнительные фотографии.,Одежда,Женские кеды. Дополнительные фотографии отправлю по запросу. Есть дополнительные фотографии.
Фотосессия,"Большой опыт, возможен выезд к заказчику. Пишите в сообщения.",Услуги,"Фотосессия. Большой опыт, возможен выезд к заказчику. Пишите в сообщения."
Летнее платье,Можно примерить перед покупкой. Доставка обсуждается отдельно.,Одежда,Летнее платье. Можно примерить перед покупкой. Доставка обсуждается отдельно.
Renault Logan,"Салон аккуратный, без посторонних запахов. Самовывоз.",Автомобили,"Renault Logan. Салон аккуратный, без посторонних запахов. Самовывоз."
Ноутбук ASUS,"Полностью исправен, использовался аккуратно, все функции работают. Подробности расскажу по телефону.",Электроника,"Ноутбук ASUS. Полностью исправен, использовался аккуратно, все функции работают. Подробности расскажу по телефону."
iPhone в отличном состоянии,"Работает стабильно, недавно прошел проверку. Подробности расскажу по телефону.",Электроника,"iPhone в отличном состоянии. Работает стабильно, недавно прошел проверку. Подробности расскажу по телефону."
Женские кеды,Можно примерить перед покупкой. Можно посмотреть перед покупкой.,Одежда,Женские кеды. Можно примерить перед покупкой. Можно посмотреть перед покупкой.
Загородный дом,Тихий район с удобным подъездом. Реальные фотографии.,Недвижимость,Загородный дом. Тихий район с удобным подъездом. Реальные фотографии.
Игровая приставка,"Работает стабильно, недавно прошел проверку. Возможен торг.",Электроника,"Игровая приставка. Работает стабильно, недавно прошел проверку. Возможен торг."
Дизайн логотипа,"Большой опыт, возможен выезд к заказчику. Есть дополнительные фотографии.",Услуги,"Дизайн логотипа. Большой опыт, возможен выезд к заказчику. Есть дополнительные фотографии."
Lada Vesta,Регулярно проходил техническое обслуживание. Есть дополнительные фотографии.,Автомобили,Lada Vesta. Регулярно проходил техническое обслуживание. Есть дополнительные фотографии.
Загородный дом,В квартире никто не проживает. Можно посмотреть перед покупкой.,Недвижимость,Загородный дом. В квартире никто не проживает. Можно посмотреть перед покупкой.
Мужской свитер,Дополнительные фотографии отправлю по запросу. Доставка обсуждается отдельно.,Одежда,Мужской свитер. Дополнительные фотографии отправлю по запросу. Доставка обсуждается отдельно.
Таунхаус,Документы готовы к сделке. Пишите в сообщения.,Недвижимость,Таунхаус. Документы готовы к сделке. Пишите в сообщения.
Квартира студия,Рядом находится общественный транспорт и необходимая инфраструктура. Есть дополнительные фотографии.,Недвижимость,Квартира студия. Рядом находится общественный транспорт и необходимая инфраструктура. Есть дополнительные фотографии.
Фотосессия,"Работаю с частными клиентами, стоимость обсуждается заранее. Подробности расскажу по телефону.",Услуги,"Фотосессия. Работаю с частными клиентами, стоимость обсуждается заранее. Подробности расскажу по телефону."
Renault Logan,"Салон аккуратный, без посторонних запахов. Доставка обсуждается отдельно.",Автомобили,"Renault Logan. Салон аккуратный, без посторонних запахов. Доставка обсуждается отдельно."
Volkswagen Polo,"Пробег подтвержден, документы в порядке. Есть дополнительные фотографии.",Автомобили,"Volkswagen Polo. Пробег подтвержден, документы в порядке. Есть дополнительные фотографии."
Kia Rio,Есть комплект зимней резины. Есть дополнительные фотографии.,Автомобили,Kia Rio. Есть комплект зимней резины. Есть дополнительные фотографии.
Компьютерный стол,Можно забрать самостоятельно. Возможен торг.,Мебель,Компьютерный стол. Можно забрать самостоятельно. Возможен торг.
Комод для спальни,Удобный вариант для небольшой комнаты. Можно посмотреть перед покупкой.,Мебель,Комод для спальни. Удобный вариант для небольшой комнаты. Можно посмотреть перед покупкой.
Монтаж видео,Работаю аккуратно и соблюдаю сроки. Срочная продажа.,Услуги,Монтаж видео. Работаю аккуратно и соблюдаю сроки. Срочная продажа.
Мужские кроссовки,Можно примерить перед покупкой. Пишите в сообщения.,Одежда,Мужские кроссовки. Можно примерить перед покупкой. Пишите в сообщения.
Ford Focus,"Салон аккуратный, без посторонних запахов. Есть дополнительные фотографии.",Автомобили,"Ford Focus. Салон аккуратный, без посторонних запахов. Есть дополнительные фотографии."
Разработка сайта,Принимаю заказы онлайн и в городе. Самовывоз.,Услуги,Разработка сайта. Принимаю заказы онлайн и в городе. Самовывоз.
Компьютер для работы,"Подойдет для работы, учебы и повседневных задач. Реальные фотографии.",Электроника,"Компьютер для работы. Подойдет для работы, учебы и повседневных задач. Реальные фотографии."
Вечернее платье,Без пятен и повреждений. Реальные фотографии.,Одежда,Вечернее платье. Без пятен и повреждений. Реальные фотографии.
Кресло для гостиной,"Хорошее состояние, без серьезных повреждений. Возможен торг.",Мебель,"Кресло для гостиной. Хорошее состояние, без серьезных повреждений. Возможен торг."
Обеденный стол,"Хорошее состояние, без серьезных повреждений. Есть дополнительные фотографии.",Мебель,"Обеденный стол. Хорошее состояние, без серьезных повреждений. Есть дополнительные фотографии."
Квартира студия,"Хороший район, рядом магазины и остановки. Подробности расскажу по телефону.",Недвижимость,"Квартира студия. Хороший район, рядом магазины и остановки. Подробности расскажу по телефону."
Настройка ноутбука,Примеры выполненных работ отправлю по запросу. Реальные фотографии.,Услуги,Настройка ноутбука. Примеры выполненных работ отправлю по запросу. Реальные фотографии.
Кухонный гарнитур,"Есть небольшие следы эксплуатации, на функциональность не влияют. Самовывоз.",Мебель,"Кухонный гарнитур. Есть небольшие следы эксплуатации, на функциональность не влияют. Самовывоз."
